{"cameraMode":{"drawMode":0,"name":"Shaded","section":"Shading Mode"},"sceneLighting":true,"audioPlay":false,"sceneViewState":{"m_AlwaysRefresh":false,"showFog":true,"showSkybox":true,"showFlares":true,"showImageEffects":true,"showParticleSystems":true,"showVisualEffectGraphs":true,"m_FxEnabled":true},"in2DMode":false,"pivot":{"x":34.21648406982422,"y":2.082286834716797,"z":-272.0516357421875},"rotation":{"x":0.0035115908831357958,"y":-0.9818547964096069,"z":0.18873882293701173,"w":0.018271049484610559},"size":93.316650390625,"orthographic":false}