{"cameraMode":{"drawMode":0,"name":"Shaded","section":"Shading Mode"},"sceneLighting":true,"audioPlay":false,"sceneViewState":{"m_AlwaysRefresh":false,"showFog":true,"showSkybox":true,"showFlares":true,"showImageEffects":true,"showParticleSystems":true,"showVisualEffectGraphs":true,"m_FxEnabled":true},"in2DMode":false,"pivot":{"x":25.736705780029298,"y":-130.5623016357422,"z":283.41607666015627},"rotation":{"x":0.15537863969802857,"y":0.006230451632291079,"z":-0.0010029886616393924,"w":0.9878605604171753},"size":255.4913330078125,"orthographic":false}