{"cameraMode":{"drawMode":0,"name":"Shaded","section":"Shading Mode"},"sceneLighting":true,"audioPlay":false,"sceneViewState":{"m_AlwaysRefresh":false,"showFog":true,"showSkybox":true,"showFlares":true,"showImageEffects":true,"showParticleSystems":true,"showVisualEffectGraphs":true,"m_FxEnabled":true},"in2DMode":false,"pivot":{"x":17.308815002441408,"y":-31.214000701904298,"z":-98.85543060302735},"rotation":{"x":-0.29724881052970889,"y":-0.002294940873980522,"z":0.0007114714244380593,"w":-0.9548021554946899},"size":53.09290313720703,"orthographic":false}