{"cameraMode":{"drawMode":0,"name":"Shaded","section":"Shading Mode"},"sceneLighting":false,"audioPlay":false,"sceneViewState":{"m_AlwaysRefresh":false,"showFog":true,"showSkybox":false,"showFlares":true,"showImageEffects":true,"showParticleSystems":true,"showVisualEffectGraphs":true,"m_FxEnabled":true},"in2DMode":false,"pivot":{"x":315.61053466796877,"y":202.2779083251953,"z":85.10824584960938},"rotation":{"x":0.08896183222532273,"y":-0.02272222377359867,"z":0.0020377174951136114,"w":0.9957807064056397},"size":319.0092468261719,"orthographic":false}