{"cameraMode":{"drawMode":0,"name":"Shaded","section":"Shading Mode"},"sceneLighting":false,"audioPlay":false,"sceneViewState":{"m_AlwaysRefresh":false,"showFog":true,"showSkybox":false,"showFlares":true,"showImageEffects":true,"showParticleSystems":true,"showVisualEffectGraphs":true,"m_FxEnabled":true},"in2DMode":false,"pivot":{"x":-0.8330265879631043,"y":0.018015844747424127,"z":-0.06790769845247269},"rotation":{"x":-0.2425534725189209,"y":-0.19997328519821168,"z":0.0511682890355587,"w":-0.9479367733001709},"size":0.5660260319709778,"orthographic":false}